<?xml version="1.0" encoding="UTF-8" ?>
<module>
	<name>nostotagging</name>
	<displayName><![CDATA[Recommandations personnalis&eacute;es]]></displayName>
	<version><![CDATA[1.1.0]]></version>
	<description><![CDATA[Int&egrave;gre les fonctionnalit&eacute;s de marketing automatis&eacute; Nosto]]></description>
	<author><![CDATA[Nosto]]></author>
	<tab><![CDATA[advertising_marketing]]></tab>
	<is_configurable>1</is_configurable>
	<need_instance>0</need_instance>
	<limited_countries></limited_countries>
</module>